{"accuracy": [0.1273525059223175, 0.39729824662208557, 0.5390832424163818, 0.6532732844352722, 0.7224339246749878, 0.7776238322257996], "loss": [3.24023175239563, 2.08073091506958, 1.5230735540390015, 1.1322797536849976, 0.9038163423538208, 0.7090080976486206], "val_accuracy": [0.27960819005966187, 0.47951915860176086, 0.6273375153541565, 0.6789848804473877, 0.7297417521476746, 0.7506678700447083], "val_loss": [2.568222999572754, 1.7805920839309692, 1.2421972751617432, 1.0424869060516357, 0.9244553446769714, 0.8462934494018555]}